number,workTitle,workCode,alternativeTitle,creators,dealId,deliveryDate
1,ONCE UPON A LIE,WW 015065189 00,,"Fowler, Lonnie | White, Corey Kent",101942,"May 23, 2017"
2,SHE AIN'T YOU,WW 015063274 00,,"White, Corey Kent | Fowler, Lonnie",101942,"Mar 24, 2017"
3,IT ALWAYS DOES AND NEVER IS,WW 015123091 00,,"Helms, Josh | Dixon, Troy Cartwright | Fowler, Lonnie",101942,"Feb 18, 2018"
4,LET ME BE LONELY,WW 015162691 00,,"Massey, Jason Peter | McCollum, Parker Yancey | Fowler, Lonnie",101942,"May 16, 2018"
5,WHEN IT ALL GOES DARK,WW 015254483 00,,"Nolan, Katherine | Mizelle, Jason | Fowler, Lonnie",101942,"Apr 02, 2019"
6,ALL OVER,WW 015336671 00,,"Butcher, Andrew | Williams, JP | Fowler, Lonnie",101942,"Oct 21, 2019"
7,DIRT,WW 015144987 00,,"Wood, Adam | Fowler, Lonnie | Williams, JP",101942,"Nov 01, 2016"
8,"HALF FOOL, HALF EMPTY",WW 015363867 00,,"Fowler, Lonnie | Willis, Matt",101942,"Feb 07, 2020"
9,IT WASN'T LOVE,WW 015254391 00,,"Daniels, Cassidy | Fowler, Lonnie",101942,"Mar 30, 2019"
10,GOT A LITTLE FIGHT IN ME,WW 015111390 00,,"Barton, Philip | Fowler, Lonnie | Meadows, Mike",101942,"Jan 11, 2018"
11,GREEN CARD,WW 015145013 00,,"Helms, Josh | Fowler, Lonnie",101942,"Nov 01, 2016"
12,HEAVEN FROM TEXAS,WW 015322261 00,,"Thomas, Patrick | Fowler, Lonnie | Williams, JP",101942,"Sep 03, 2019"
13,BABY CAN WE,WW 015144968 00,,"BRADLEY, DAKOTA | Fowler, Lonnie",101942,"Nov 01, 2016"
14,ANYTHING BUT EVERYTHING,WW 015122567 00,,"Mizelle, Jason | Charles, Oscar | Fowler, Lonnie",101942,"Mar 05, 2018"
15,SOMEWHERE DOWN THE ROAD,WW 015146181 00,,"Helms, Josh | Fowler, Lonnie",101942,"Nov 01, 2016"
16,HOME STATE,WW 015145018 00,,"Davis, Jordan | Fowler, Lonnie | Davis, Jacob",101942,"Nov 01, 2016"
17,'TIL MY HEART STOPS,WW 015492443 00,,"Fowler, Lonnie | Alexander, Roman",101942,"Aug 17, 2020"
18,VINTAGE,WW 015253436 00,,"Miller, Lance | Haury, Styles Nathan | FRASIER, DAVID | Fowler, Lonnie",101942,"Mar 22, 2019"
19,PIECES,WW 015146159 00,,"Fowler, Lonnie | Vaughn, Haeley",101942,"Nov 01, 2016"
20,GOT A BAR,WW 015080707 00,,"Fowler, Lonnie | Powell, Jacob",101942,"Aug 10, 2017"
21,TEXAS,WW 015226941 00,,"FRASIER, DAVID | Davis, Jordan | Fowler, Lonnie",101942,"Jan 24, 2019"
22,PUERTO VALLARTA,WW 015146160 00,,"Fowler, Lonnie | Thomas, Patrick",101942,"Nov 01, 2016"
23,YOU'LL NEVER BE GONE,WW 015146289 00,,"Fowler, Lonnie | Williams, JP | Mizelle, Jason",101942,"Nov 01, 2016"
24,SWING LOW SWEET OLD CADILLAC,WW 015254650 00,,"McClure, Matt (DNU) | Fowler, Lonnie | Burgett, Eric",101942,"Apr 04, 2019"
25,JUST A ROAD,WW 015145032 00,,"Williams, JP | Fowler, Lonnie | Thomas, Patrick",101942,"Nov 01, 2016"
26,SO MANY,WW 015347878 00,,"Mizelle, Jason | Timmer, Keesy | Fowler, Lonnie",101942,"Oct 25, 2019"
27,JUST A DOOR,WW 015145031 00,,"BASTIAN, LARRY B | Fowler, Lonnie | Williams, JP",101942,"Nov 01, 2016"
28,SLEEP WHILE I DRIVE,WW 015146169 00,,"Fowler, Lonnie | Williams, JP",101942,"Nov 01, 2016"
29,SHE MAKES ME,WW 015492759 00,,"Redferrin, Blake | Fowler, Lonnie | Gantt, Jason",101942,"Jan 12, 2021"
30,LET IT GET TO ME,WW 015074281 00,,"Fowler, Lonnie | FUHRER, MARK",101942,"Jul 14, 2017"
31,SO CAL,WW 015155999 00,,"Davis, Jordan | Fowler, Lonnie",101942,"Jun 19, 2018"
32,NO WAKE ZONE,WW 015322266 00,,"Frasier, David R. | Fowler, Lonnie | Miller, Lance | Haury, Styles Nathan",101942,"Sep 03, 2019"
33,WE HAD A BLAST,WW 015146271 00,,"Helms, Josh | Fowler, Lonnie",101942,"Nov 01, 2016"
34,GOOD WITH WHAT I GOT,WW 015363871 00,,"Timmer, Keesy | Fowler, Lonnie | MIZELLE, JASON",101942,"Feb 07, 2020"
35,MISSISSIPPI SOUL,WW 015322264 00,,"Fowler, Lonnie | Helms, Josh | Mizelle, Jason",101942,"Sep 03, 2019"
36,GOT A LITTLE FIGHT LEFT IN ME,WW 015122562 00,,"Barton, Philip | Meadows, Mike | Fowler, Lonnie",101942,"Jan 03, 2018"
37,CLOSEST TO HEAVEN,WW 015409336 00,,"Fowler, Lonnie | Degati, Alyssa",101942,"Jul 15, 2020"
38,GO ON,WW 015226501 00,,"Willis, Matt | Fowler, Lonnie",101942,"Jan 23, 2019"
39,LOVE LIKE YOU,WW 015319509 00,,"Davis, Jordan | Frasier, David R. | Fowler, Lonnie",101942,"Aug 23, 2019"
40,WE DON'T TALK LIKE THAT ANYMORE,WW 015254389 00,,"Fowler, Lonnie | Frigo, Josh",101942,"Mar 30, 2019"
41,RHYTHM OF THE RAIN,WW 015146161 00,,"Fowler, Lonnie | Williams, JP",101942,"Nov 01, 2016"
42,KINDA LIKE IT,WW 015506476 00,,"Fowler, Lonnie | Hart, Kelsey | Schlienger, Kyle A.",101942,"Mar 04, 2021"
43,WHEN A FATHER'S BORN,WW 015241184 00,,"Fowler, Lonnie | Mizelle, Jason | FRASIER, DAVID",101942,"Feb 14, 2019"
44,HELLBENT ON LOVING ME,WW 015145016 00,,"Fowler, Lonnie | Helms, Josh",101942,"Nov 01, 2016"
45,THE NEW ME,WW 015226479 00,,"Fowler, Lonnie | Shewmake, Joel",101942,"Jan 23, 2019"
46,SICK OF IT,WW 015408564 00,,"Fowler, Lonnie | Garrett, Ryan",101942,"Jul 13, 2020"
47,THANK GOD FOR SATURDAY NIGHT,WW 015536060 00,,"FRASIER, DAVID | Fowler, Lonnie | COUCH, DAN",101942,"May 04, 2021"
48,MIRACLES,WW 015254488 00,,"Charles, Oscar | Mizelle, Jason | Fowler, Lonnie",101942,"Apr 02, 2019"
49,WHAT I LEARNED FROM COUNTRY MUSIC,WW 015414473 00,,"Fowler, Lonnie | Mizelle, Jason | Charles, Oscar",101942,"Aug 04, 2020"
50,COCONUT RUM,WW 015144984 00,,"Fowler, Lonnie | Williams, JP",101942,"Nov 01, 2016"
51,GHOST TOWN,WW 015145006 00,,"Helms, Josh | Fowler, Lonnie | Williams, JP",101942,"Nov 01, 2016"
52,MONEY AND TIME,WW 015322265 00,,"Leo, Lonnie | Fowler, Lonnie",101942,"Sep 03, 2019"
53,WORLD WITHOUT YOU,WW 015494295 00,,"Weintraub, Lauren | Chapman, Nathan Paul | Fowler, Lonnie",101942,"Jan 27, 2021"
54,IF THIS TRUCK COULD TALK,WW 015336675 00,,"Bandi, Chris | FRASIER, DAVID | Fowler, Lonnie",101942,"Oct 21, 2019"
55,PERFECTLY COMPLICATED,WW 015063290 00,,"MIZELLE, JASON | Fowler, Lonnie",101942,"May 08, 2017"
56,THE SOUND OF YOUR HEART,WW 015121992 00,,"Fowler, Lonnie | Cook, Seth",101942,"Nov 14, 2017"
57,LOVE YOUR NEIGHBOR,WW 015407897 00,,"Fowler, Lonnie | Watkins, Caroline Mackinlay",101942,"Jul 06, 2020"
58,A DRINK AGO,WW 015254390 00,,"FRASIER, DAVID | Fowler, Lonnie | Powell, Jacob",101942,"Mar 30, 2019"
59,ME OVER YOU,WW 015253437 00,,"Tullier, Tori | Fowler, Lonnie",101942,"Mar 22, 2019"
60,IF SHE,WW 015145029 00,,"Helms, Josh | Fowler, Lonnie",101942,"Nov 01, 2016"
61,RUSTED,WW 015146165 00,,"KOLE, CAROLINE | Duke, Jason | Fowler, Lonnie",101942,"Nov 01, 2016"
62,INVISIBLE,WW 015178047 00,,"FRASIER, DAVID | Fowler, Lonnie | Watkins, Caroline Mackinlay",101942,"Sep 07, 2018"
63,MIXTAPE,WW 015145041 00,,"Wallace, Bruce | Fowler, Lonnie | Mizelle, Jason",101942,"Nov 01, 2016"
64,HOMESICK,WW 015145019 00,,"Fowler, Lonnie | Chaffin, Blake",101942,"Nov 01, 2016"
65,GOOD ENOUGH,WW 015253435 00,,"Daniels, Cassidy | Olivarez, Vanessa | Fowler, Lonnie",101942,"Mar 22, 2019"
66,BETWEEN A WOMAN AND A ROAD,WW 015144974 00,,"Williams, JP | Thomas, Patrick | Fowler, Lonnie",101942,"Nov 01, 2016"
67,TILL I CAN'T FEEL A THING,WW 015146266 00,,"FRASIER, DAVID | Fowler, Lonnie | Davis, Jordan",101942,"Nov 01, 2016"
68,ANYTHING LIKE THIS,WW 015144966 00,,"Williams, JP | Fowler, Lonnie | BASTIAN, LARRY B",101942,"Nov 01, 2016"
69,EMBRACING THE RAIN,WW 015506475 00,,"HIGGINS, KAT | Watkins, Caroline Mackinlay | Fowler, Lonnie",101942,"Mar 04, 2021"
70,SHOT IN THE DARK,WW 015144959 00,,"Fowler, Lonnie | Williams, JP",101942,"May 24, 2017"
71,FOR YOU,WW 015322613 00,,"Longo, Cody | Fowler, Lonnie | WILLIAMS, NIKKI",101942,"Sep 03, 2019"
72,THE DOLLAR,WW 015144989 00,,"Fowler, Lonnie | BASTIAN, LARRY B | Williams, JP",101942,"Nov 01, 2016"
73,WHISKEY TO THE RIM,WW 015322612 00,,"FRASIER, DAVID | Fowler, Lonnie | Murrell, Logan",101942,"Sep 03, 2019"
74,THIS IS US,WW 015123090 00,,"Fowler, Lonnie | Mobley, Michael",101942,"Mar 13, 2018"
75,REALLY DID IT THIS TIME,WW 015412059 00,,"Fowler, Lonnie | Watkins, Caroline Mackinlay",101942,"Jul 27, 2020"
76,RUN ME DOWN,WW 015146163 00,,"Fowler, Lonnie | Davis, Jacob | Davis, Jordan",101942,"Nov 01, 2016"
77,HERE,WW 015384538 00,,"Fowler, Lonnie | Nordhoff, Krissy",101942,"Apr 17, 2020"
78,MORE THAN THIS MOMENT,WW 015145043 00,,"Fowler, Lonnie | Wallace, Bruce",101942,"Nov 01, 2016"
79,WE ARE THE PARTY,WW 015254478 00,,"Fowler, Lonnie | Mizelle, Jason | FRASIER, DAVID",101942,"Apr 02, 2019"
80,HI,WW 015145017 00,,"Fowler, Lonnie | Davis, Jordan",101942,"Nov 01, 2016"
81,ME WHEN I'M WITH YOU,WW 015063296 00,,"Fowler, Lonnie | HULTQUIST, CHARLES DERIK | Preston, Luke Daniel",101942,"May 08, 2017"
82,JUST LIKE MAGIC,WW 015145034 00,,"Mizelle, Jason | Williams, JP | Fowler, Lonnie",101942,"Nov 01, 2016"
83,HEARTACHE PARADE,WW 015227150 00,,"Burgett, Eric | Fowler, Lonnie | McClure, Matt (DNU)",101942,"Jan 23, 2019"
84,F-150,WW 015298177 00,,"Miller, Lance Alan | Haury, Styles Nathan | Frasier, David R. | Fowler, Lonnie",101942,"Aug 12, 2019"
85,TWENTY FLOORS ABOVE VEGAS,WW 015063280 00,,"Williams, J.P. | Fowler, Lonnie",101942,"May 08, 2017"
86,KINDA WANNA DRINK,WW 015322262 00,,"Fowler, Lonnie | Haury, Styles Nathan | Miller, Lance | Frasier, David R.",101942,"Sep 03, 2019"
87,PARTY GOIN' ON ('NEATH THE CHRISTMAS TREE),WW 015146158 00,,"Fowler, Lonnie | Williams, JP",101942,"Nov 01, 2016"
88,DRUNK FIGHT,WW 015144994 00,,"Fowler, Lonnie | Davis, Jordan | FLYNN, AMANDA",101942,"Nov 01, 2016"
89,THIRSTY,WW 015322270 00,,"Fowler, Lonnie | Martilik, Max | EVANS, PHIL",101942,"Sep 03, 2019"
90,NAME-CHANGER,WW 015254362 00,,"Fowler, Lonnie | Watkins, Caroline Mackinlay | FRASIER, DAVID",101942,"Mar 27, 2019"
91,OFF THE MAP,WW 015097229 00,,"Williams, JP | Fowler, Lonnie",101942,"Oct 23, 2017"
92,I AIN'T COMING DOWN,WW 015254489 00,,"Fowler, Lonnie | Collins, Jim | Mizelle, Jason",101942,"Apr 02, 2019"
93,GETTING THERE,WW 015145004 00,,"Williams, JP | Mizelle, Jason | Fowler, Lonnie",101942,"Nov 01, 2016"
94,BOAT WITH YOU,WW 015097323 00,,"Fowler, Lonnie",101942,"Sep 20, 2017"
95,BEAUTIFUL TRAGEDY,WW 015144970 00,,"Williams, JP | Fowler, Lonnie",101942,"Nov 01, 2016"
96,DON'T TELL ME I'M WRONG,WW 015144992 00,,"Williams, JP | Fowler, Lonnie | Tullier, Tori",101942,"Nov 01, 2016"
97,ME AND MUSIC,WW 015581248 00,,"Fowler, Lonnie | Shewmake, Joel | Keegan, Raleigh",101942,"Sep 09, 2020"
98,I GOT A TESTIMONY,WW 015492471 00,,"Fowler, Lonnie | Wilson, Anne | Nordhoff, Krissy",101942,"Sep 08, 2020"
99,CARRY THAT QUIET,WW 015144979 00,,"Fowler, Lonnie | Helms, Josh",101942,"Nov 01, 2016"
100,CAPTURE YOU,WW 015144976 00,,"Williams, JP | Fowler, Lonnie",101942,"Nov 01, 2016"
101,HEMINGWAY'S BOOK,WW 015144957 00,,"Fowler, Lonnie | Helms, Josh",101942,"May 12, 2017"
102,EVERY MINUTE OF YOU,WW 015074280 00,,"Helms, Josh | Fowler, Lonnie | MIZELLE, JASON",101942,"Jul 14, 2017"
103,IF I BUY YOU A BEER,WW 015254481 00,,"Fowler, Lonnie | Leo, Lonnie",101942,"Jan 09, 2019"
104,COOL KIDS AND REBELS,WW 015069379 00,,"MIZELLE, JASON | Helms, Josh | Fowler, Lonnie",101942,"May 15, 2017"
105,PRETTY ROAD TO NOWHERE,WW 015369948 00,,"Fowler, Lonnie | Vaus, Anna",101942,"Mar 12, 2020"
106,IF I WAS JESUS,WW 015053486 00,,"Watkins, Caroline Mackinlay | Fowler, Lonnie | POOLE, BARRY",101942,"Feb 24, 2017"
107,JUST BE YOU,WW 015145033 00,,"Fowler, Lonnie | Helms, Josh",101942,"Nov 01, 2016"
108,CALL IF YOU WANT,WW 015407900 00,,"Fowler, Lonnie",101942,"Jul 06, 2020"
109,SMALL TOWN LONELY,WW 015146174 00,,"Fowler, Lonnie | Helms, Josh",101942,"Nov 01, 2016"
110,CAREFUL WITH HER,WW 015519469 00,,"Hart, Kelsey | Bunn, Brian | Fowler, Lonnie",101942,"Mar 29, 2021"
111,I'M NOT ANGRY ANYMORE,WW 015074282 00,,"McDaniel, Rhett | Fowler, Lonnie",101942,"Jul 14, 2017"
112,DEEP CUTS,WW 015144986 00,,"Fowler, Lonnie | Willis, Matt | Helms, Josh",101942,"Nov 01, 2016"
113,GET GONE,WW 015063271 00,,"Campbell, Robert | Fowler, Lonnie | Turner, Logan",101942,"Apr 10, 2017"
114,GOOD TO SEE THE SUN,WW 015145012 00,,"Mize, Logan Eric | Fowler, Lonnie",101942,"Nov 01, 2016"
115,TULSA TONIGHT,WW 015336685 00,,"Fowler, Lonnie | ADAMS, JUSTIN | FRASIER, DAVID",101942,"Oct 21, 2019"
116,ACTING MY AGE,WW 015144961 00,,"Fowler, Lonnie | Timmer, Keesy | Mizelle, Jason",101942,"Nov 01, 2016"
117,MORNING PRETTY,WW 015506225 00,,"Fowler, Lonnie | Smith, Austin Taylor",101942,"Mar 01, 2021"
118,GET UP,WW 015145003 00,,"Evan, Matthew | WALKER, KEITH | Fowler, Lonnie",101942,"Nov 01, 2016"
119,WEAKNESS,WW 015063291 00,,"Fowler, Lonnie | MIZELLE, JASON",101942,"May 08, 2017"
120,SOMETHING IN THE WATER,WW 015492490 00,,"Garrett, Ryan | Fowler, Lonnie",101942,"Sep 08, 2020"
121,MORNING SO BEAUTIFUL,WW 015373446 00,,"Fowler, Lonnie | Plappert, Ryan",101942,"Mar 24, 2020"
122,TIL THE BRAVES COME ON,WW 015146264 00,,"Helms, Josh | Fowler, Lonnie",101942,"Nov 01, 2016"
123,MISS THE STARS,WW 015145040 00,,"Fowler, Lonnie | Williams, JP",101942,"Nov 01, 2016"
124,WORTH A SHOT,WW 015492424 00,,"FRASIER, DAVID | Fowler, Lonnie | Irwin, Mark",101942,"Aug 06, 2020"
125,HANDS OF TIME,WW 015074685 00,,"Fowler, Lonnie | Finchum, Thomas | Bagley, Alyssa Micaela",101942,"Jul 14, 2017"
126,MADE IN MEXICO,WW 015145038 00,,"Mizelle, Jason | Williams, JP | Fowler, Lonnie",101942,"Nov 01, 2016"
127,WHISKEY TANGO FOXTROT,WW 015146274 00,,"Fowler, Lonnie | Helms, Josh",101942,"Nov 01, 2016"
128,GET YOUR OWN HIGHWAY,WW 015487720 00,,"Fowler, Lonnie | Kinsey, Erin | Malone, Kate",101942,"Jan 07, 2021"
129,SAD ENOUGH,WW 015492653 00,,"Fowler, Lonnie | Keegan, Raleigh",101942,"Sep 29, 2020"
130,TELL ME IT WAS REAL,WW 015146184 00,,"Williams, JP | Fowler, Lonnie",101942,"Nov 01, 2016"
131,PARTY FOR ONE,WW 015336682 00,,"Fowler, Lonnie | Shackelton, Emily | Clemmons, Joe",101942,"Oct 21, 2019"
132,THESE GIRLS,WW 015146189 00,,"Fowler, Lonnie | Helms, Josh | Mizelle, Jason",101942,"Nov 01, 2016"
133,FELT LIKE FREEDOM,WW 015144956 00,,"Fowler, Lonnie | Davis, Jordan | Shewmake, Joel",101942,"Jun 12, 2017"
134,LOVE DON'T LISTEN,WW 015097231 00,,"Fowler, Lonnie | Tullier, Tori",101942,"Oct 20, 2017"
135,"SLOW DOWN, YOU'RE HERE",WW 015104708 00,,"Fowler, Lonnie | Bogard, Steve | Anderson, Carlton Everett",101942,"Dec 12, 2017"
136,SECRET SANTA,WW 015384536 00,,"Fowler, Lonnie | Shewmake, Joel Eric",101942,"Apr 17, 2020"
137,ONLY LOVE,WW 015087186 00,,"MIZELLE, JASON | Olivarez, Vanessa | Fowler, Lonnie",101942,"Sep 11, 2017"
138,WHAT I GOT,WW 015123087 00,,"Williams, JP | McMorran, Steve | Fowler, Lonnie",101942,"Mar 05, 2018"
139,NOT FOR ME,WW 015231976 00,,"Moore, Lonnie | Fowler, Lonnie",101942,"Feb 07, 2019"
140,EASY IN A BAR,WW 015254380 00,,"Powell, Jacob | Fowler, Lonnie",101942,"Mar 28, 2019"
141,EX EX GIRLFRIEND,WW 015254482 00,,"Shewmake, Joel | Fowler, Lonnie",101942,"Apr 09, 2019"
142,FOLDING MONEY,WW 015144997 00,,"Fowler, Lonnie | Williams, JP | Mizelle, Jason",101942,"Nov 01, 2016"
143,USED TO BE YOURS,WW 015122576 00,,"Vaughn, Haeley | McClure, Matt (DNU) | Fowler, Lonnie",101942,"Feb 01, 2018"
144,CHURCH PIANO,WW 015144980 00,,"Fowler, Lonnie | Thomas, Patrick",101942,"Nov 01, 2016"
145,SHUT IT DOWN,WW 015493410 00,,"Fowler, Lonnie | SEARAN, ADAM",101942,"Jan 06, 2021"
146,LONG LINE OF LOVERS,WW 015336677 00,,"Fowler, Lonnie | Shewmake, Joel | Keegan, Raleigh",101942,"Oct 21, 2019"
147,PARTY COVE,WW 015492439 00,PARTY COVE IT UP,"Burgett, Eric | Fowler, Lonnie | Mcclure, Matt",101942,
148,SKIN ON SKIN,WW 015231985 00,,"Fowler, Lonnie | Moore, Lonnie",101942,"Feb 07, 2019"
149,"SUNDAY MORNING, FRIDAY NIGHT",WW 015492662 00,,"Shewmake, Joel Eric | Fowler, Lonnie",101942,"Oct 28, 2020"
150,TROUBLE WITH THE WORLD TODAY,WW 015146267 00,,"Fowler, Lonnie | Helms, Josh",101942,"Nov 01, 2016"
151,THE PROBLEM WITH LEAVING,WW 015056230 00,,"Fowler, Lonnie | Hatmaker, Samantha",101942,"Apr 14, 2017"
152,LEFT IN IT,WW 015324993 00,,"Mizelle, Jason | Fowler, Lonnie | ADAMS, JUSTIN",101942,"Sep 20, 2019"
153,CRIMINAL,WW 015069380 00,,"Wilson, Dallas | Hodges, JT | Fowler, Lonnie",101942,"May 18, 2017"
154,KNOW WHERE,WW 015383856 00,,"Haury, Styles Nathan | Frasier, David R. | Fowler, Lonnie",101942,"Apr 24, 2020"
155,SUN STILL SHININ',WW 015146182 00,SUN'S STILL SHININ' | SUN'S STILL SHINING,"Dodson, Marti | Fowler, Lonnie | FRASIER, DAVID",101942,"Nov 01, 2016"
156,TRAILBLAZER,WW 015123089 00,,"Daniels, Cassidy | Fowler, Lonnie",101942,"Mar 13, 2018"
157,EVERYTHING BEAUTIFUL,WW 015144995 00,,"Fowler, Lonnie | Wood, Adam",101942,"Nov 01, 2016"
158,IT GETS REAL,WW 015144958 00,,"Fowler, Lonnie | Shewmake, Joel",101942,"Jun 11, 2017"
159,FORGET THE WORLD,WW 015144999 00,,"Fowler, Lonnie | Williams, JP",101942,"Nov 01, 2016"
160,AIN'T EVERY DAY,WW 015144963 00,,"Fowler, Lonnie | Frasier, David R. | Davis, Jordan",101942,"Nov 01, 2016"
161,LADY IN A BAR,WW 015254392 00,,"Fowler, Lonnie | Daniels, Cassidy | Olivarez, Vanessa",101942,"Mar 31, 2019"
162,TRAINWRECK,WW 015253438 00,,"Mizelle, Jason | Fowler, Lonnie",101942,"Mar 22, 2019"
163,MAIN STREET,WW 015145039 00,,"Fowler, Lonnie",101942,"Nov 01, 2016"
164,GONE WITH A FLASH,WW 015492644 00,,"Nolan, Katherine | Fowler, Lonnie | Kinsey, Erin",101942,"Sep 28, 2020"
165,SMOKE SIGNALS,WW 015146178 00,,"FRASIER, DAVID | Fowler, Lonnie",101942,"Nov 01, 2016"
166,HOW BEAUTIFUL SHE IS,WW 015145020 00,,"Fowler, Lonnie | Williams, JP",101942,"Nov 01, 2016"
167,REAL AS I BELIEVE,WW 015592356 00,,"Williams, JP | Fowler, Lonnie | West, Kenna Turner",101942,"Aug 25, 2021"
168,REMEMBER ME BY,WW 015254649 00,,"Olivarez, Vanessa | Mizelle, Jason | Fowler, Lonnie",101942,"Apr 04, 2019"
169,UNTOGETHER,WW 015412536 00,,"Nordhoff, Krissy | Fowler, Lonnie",101942,"Jul 28, 2020"
170,LAST DAY ON EARTH,WW 015124069 00,,"Williams, JP | Fowler, Lonnie | Layson, Brian",101942,"Mar 01, 2018"
171,GOD MADE A BACK ROAD,WW 015145009 00,,"VELO, ANDY | STEWART, PETE | Fowler, Lonnie | Helms, Josh",101942,"Nov 01, 2016"
172,DOWN HERE IN HEAVEN,WW 015407895 00,,"Turnbull, Dave | Fowler, Lonnie | Dyer, Zachary",101942,"Jul 06, 2020"
173,STREET SIGNS,WW 015063189 00,,"Watkins, Caroline Mackinlay | Fowler, Lonnie | Effman, Scott",101942,"May 09, 2017"
174,GOOD YEARS,WW 015492473 00,,"Wilkes, Michael | Murphy, Jesse | Fowler, Lonnie",101942,"Sep 08, 2020"
175,NOBODY DOES IT LIKE YOU,WW 015057236 00,,"George, Derek | Fowler, Lonnie",101942,"Feb 07, 2017"
176,STRANGERS WITH MEMORIES,WW 015122558 00,,"Fowler, Lonnie | Watkins, Caroline Mackinlay",101942,"Mar 16, 2018"
177,TELL MY FRIENDS,WW 015146187 00,,"London, Josh | Williams, JP | Fowler, Lonnie",101942,"Nov 01, 2016"
178,WHEN IT GETS SUMMER,WW 015402698 00,,"Frasier, David R. | Fowler, Lonnie | Davis, Jordan",101942,"Jun 23, 2020"
179,SLOW FADE,WW 015146171 00,,"Davis, Jordan | Wallace, Bruce | Fowler, Lonnie",101942,"Nov 01, 2016"
180,GET ON WITH IT,WW 015145000 00,,"Fowler, Lonnie | Williams, JP | FUHRER, MARK",101942,"Nov 01, 2016"
181,SHINE IN THE DIAMOND,WW 015254480 00,,"Mizelle, Jason | Fowler, Lonnie | Dodson, Marti",101942,"Apr 02, 2019"
182,FEEL BAD BETTER,WW 015407891 00,,"Fowler, Lonnie | Henderson, Blake | Frasier, David R.",101942,"Jul 07, 2020"
183,KITCHEN,WW 015371499 00,,"Fowler, Lonnie | Finn, Forrest",101942,"Mar 16, 2020"
184,WINGS,WW 015146275 00,,"Williams, JP | Fowler, Lonnie",101942,"Nov 01, 2016"
185,TWO HEARTS IN A BAR,WW 015492636 00,,"Blaine, Jason | Fowler, Lonnie",101942,"Sep 16, 2020"
186,FOR THE MORNING AFTER,WW 015080663 00,,"Williams, JP | Fowler, Lonnie",101942,"Aug 08, 2017"
187,DAYS LIKE THAT,WW 015360979 00,,"Fowler, Lonnie | ADAMS, JUSTIN",101942,"Dec 12, 2019"
188,NIGHT ON YOU,WW 015145045 00,,"Mizelle, Jason | Archer, Thomas | Fowler, Lonnie",101942,"Nov 01, 2016"
189,BACK TO YOU,WW 015322259 00,,"Ostrom, Jordan | Fowler, Lonnie | Nolan, Kate",101942,"Sep 03, 2019"
190,SUMMER HEART,WW 015510555 00,,"Fowler, Lonnie | Degati, Alyssa | Smith, Austin Taylor",101942,"Mar 12, 2021"
191,GLASS HOUSE,WW 015145007 00,,"Helms, Josh | Fowler, Lonnie",101942,"Nov 01, 2016"
192,INVISIBLE,WW 015176974 00,,"Frasier, Tom | Fowler, Lonnie | Watkins, Caroline Mackinlay",101942,"Sep 06, 2018"
193,TOO YOUNG TO GIVE A DAMN,WW 015101530 00,,"FRASIER, DAVID | Fowler, Lonnie | Miller, Lance Alan",101942,"Nov 27, 2017"
194,ME AN MUSIC,WW 015492492 00,,"Keegan, Raleigh | Fowler, Lonnie | Shewmake, Joel",101942,"Sep 09, 2020"
195,NASHVILLE TO JESUS,WW 015145044 00,,"Williams, JP | Fowler, Lonnie",101942,"Nov 01, 2016"
196,BETTER THAN THAT,WW 015336673 00,,"FRASIER, DAVID | Fowler, Lonnie | Ostrom, Jordan",101942,"Oct 21, 2019"
197,BAND-AID ON A BULLET HOLE,WW 015144969 00,,"Fowler, Lonnie | Williams, JP",101942,"Nov 01, 2016"
198,UNFALL,WW 015078516 00,,"Williams, J.P. | Fowler, Lonnie | McClure, Matt (DNU)",101942,"Nov 01, 2016"
199,FINE LINE,WW 015414106 00,,"Fowler, Lonnie | Clemmons, Joe",101942,"Aug 03, 2020"
200,BECAUSE OF YOU,WW 015503883 00,,"Fowler, Lonnie",101942,"Feb 25, 2021"
201,GOD AND YOU,WW 015145008 00,,"Fowler, Lonnie | Hulquist, Derik",101942,"Nov 01, 2016"
202,HANG OVER,WW 015145014 00,,"Frasier, David R. | Fowler, Lonnie | Dodson, Marti",101942,"Nov 01, 2016"
203,FLASHBACK,WW 015144996 00,,"Fowler, Lonnie | Tullier, Tori | Williams, JP",101942,"Nov 01, 2016"
204,MAKE A MEMORY,WW 015231986 00,,"McClure, Matt (DNU) | Cook, Seth | Fowler, Lonnie",101942,"Feb 07, 2019"
205,BETTER OFF,WW 015069376 00,,"Fowler, Lonnie | MIZELLE, JASON | Helms, Josh",101942,"May 12, 2017"
206,FRIENDSHIP ON FIRE,WW 015506477 00,,"Christiansen, Dustin | Guthro, Dylan | Fowler, Lonnie",101942,"Mar 04, 2021"
207,ANGEL RIDING SHOTGUN,WW 015144964 00,,"Chaffin, Blake | Fowler, Lonnie",101942,"Nov 01, 2016"
208,LEAVING NEW ORLEANS,WW 015065473 00,,"DAVIS, JORDAN | Fowler, Lonnie | FRASIER, DAVID",101942,"Nov 01, 2016"
209,HARD ENOUGH,WW 015314591 00,,"Malone, Kate | Ostrom, Jordan | Fowler, Lonnie",101942,"Aug 15, 2019"
210,HOMETOWN HEARTBREAK,WW 015532224 00,,"Miller, Lance | Fowler, Lonnie | FRASIER, DAVID | Haury, Styles Nathan",101942,"Apr 28, 2021"
211,SOMETHING ONLY LOVE CAN DO,WW 015146179 00,,"Helms, Josh | Fowler, Lonnie | Williams, JP",101942,"Nov 01, 2016"
212,CRY LIKE A MAN,WW 015377427 00,,"Fowler, Lonnie | Shewmake, Joel",101942,"Mar 27, 2020"
213,VISION,WW 015322482 00,,"Williams, JP | Mizelle, Jason | Fowler, Lonnie",101942,"Sep 03, 2019"
214,SOMETHING TO DRINK ABOUT,WW 015492665 00,,"Mcclure, Matt | Fowler, Lonnie | Burgett, Eric",101942,"Oct 28, 2020"
215,RUNNING AWAY WITH YOU,WW 015146164 00,,"Fowler, Lonnie | Williams, JP",101942,"Nov 01, 2016"
216,THIS IS HOW IT GOES,WW 015146244 00,,"Williams, JP | Fowler, Lonnie",101942,"Nov 01, 2016"
217,F-150,WW 015500464 00,,"Miller, Lance | Haury, Styles Nathan | Fowler, Lonnie | Frasier, David R.",101942,"Feb 17, 2021"
218,NEED TO KNOW,WW 015494538 00,,"Degati, Alyssa | Fowler, Lonnie | Garrison, Jeffrey Michael",101942,"Jan 28, 2021"
219,THINGS I WISH I KNEW,WW 015502933 00,,"Fowler, Lonnie | Bandi, Chris | FRASIER, DAVID",101942,"Feb 22, 2021"
220,THE ONE,WW 015379682 00,,"Fowler, Lonnie | Dyer, Zachary | Turnbull, Dave",101942,"Apr 21, 2020"
221,NOWHERE ROADS,WW 015254364 00,,"Fowler, Lonnie | Burgett, Eric | McClure, Matt (DNU) | FRASIER, DAVID",101942,"Mar 27, 2019"
222,LEARNING TO LIVE WITHOUT YOU,WW 015145036 00,,"Fowler, Lonnie | Fuller, Melissa | Mizelle, Jason",101942,"Nov 01, 2016"
223,BIG LOVE IN A SMALL HOUSE,WW 015253433 00,,"McClure, Matt (DNU) | Fowler, Lonnie | Burgett, Eric",101942,"Mar 22, 2019"
224,"DAISY AND THE TRAINWRECK, THE",WW 015055170 00,,"Watkins, Caroline Mackinlay | Fowler, Lonnie",101942,"Apr 10, 2017"
225,COUNTRY SIDE,WW 015144985 00,,"Fowler, Lonnie | Davis, Jordan | Frasier, David R.",101942,"Nov 01, 2016"
226,IN A PERFECT WORLD,WW 015145030 00,,"BRAINARD, DAVE | Denmark, Jennifer Lynn | Fowler, Lonnie",101942,"Nov 01, 2016"
227,MAKING MY WAY (ON INTO TOWN),WW 015156013 00,,"Fowler, Lonnie | Shewmake, Joel",101942,"Jun 20, 2018"
228,I'M STILL WORKING ON ME,WW 015352864 00,,"Finn, Forrest | Fowler, Lonnie",101942,"Nov 07, 2019"
229,ME BEFORE YOU,WW 015172659 00,,"Collins, Jim | Fowler, Lonnie | Mizelle, Jason",101942,"Aug 17, 2018"
230,BEST I'VE BEEN,WW 015144972 00,,"Mizelle, Jason | Williams, JP | Fowler, Lonnie",101942,"Nov 01, 2016"
231,BETTER WITH YOU,WW 015144973 00,,"Fowler, Lonnie | Mizelle, Jason",101942,"Nov 01, 2016"
232,LEAF IN THE TABLE,WW 015145035 00,,"Helms, Josh | Fowler, Lonnie | Williams, JP",101942,"Nov 01, 2016"
233,GOING GONE,WW 015145011 00,,"Cowart, Benji | Fowler, Lonnie | Helms, Josh",101942,"Nov 01, 2016"
234,WHERE THE SPIRITS LEAD,WW 015146273 00,,"Helms, Josh | Fowler, Lonnie",101942,"Nov 01, 2016"
235,HARD TO HAVE A HEART,WW 015492637 00,,"WARREN, MATT | Fowler, Lonnie",101942,"Sep 17, 2020"
236,LIKE SHANIA,WW 015145037 00,,"Fowler, Lonnie | Helms, Josh | STEWART, PETE",101942,"Nov 01, 2016"
237,TATTOO,WW 015412061 00,,"Hall, Jon Robert | Garrison, Jeff | Fowler, Lonnie",101942,"Jul 27, 2020"
238,BETTER PLACE,WW 015492456 00,,"Fowler, Lonnie | Watkins, Caroline Mackinlay",101942,"Aug 17, 2020"
239,CARIBBEAN COWBOY,WW 015144978 00,,"Fowler, Lonnie | Helms, Josh",101942,"Nov 01, 2016"
240,OCEAN,WW 015076264 00,,"Fowler, Lonnie | Powell, Jacob",101942,"Jul 20, 2017"
241,THAT'S JUST ME,WW 015121998 00,,"chisolm, park | Fowler, Lonnie",101942,"Nov 14, 2017"
242,I STILL FORGET YOU,WW 015145023 00,,"Fowler, Lonnie | Williams, JP",101942,"Nov 01, 2016"
243,SHE SMILES,WW 015146166 00,,"Fowler, Lonnie",101942,"Nov 01, 2016"
244,CLINK DRINK,WW 015144982 00,,"Mizelle, Jason | Fowler, Lonnie | Williams, JP",101942,"Nov 01, 2016"
245,THIS OLD ROOF,WW 015146257 00,,"Fowler, Lonnie",101942,"Nov 01, 2016"
246,HOW FAR,WW 015123088 00,,"Fowler, Lonnie | Olivarez, Vanessa | Vaughn, Haeley",101942,"Mar 07, 2018"
247,DOESN'T HAVE TO END RIGHT NOW,WW 015675359 00,,"Fowler, Lonnie | Kinsey, Erin | Wall, Logan Ryan",101942,"Nov 01, 2021"
248,EXACTLY YOU,WW 015227184 00,,"Elkins, Elizabeth | Fowler, Lonnie | Olivarez, Vanessa",101942,"Jan 24, 2019"
249,I AIN'T STUPID,WW 015500326 00,,"Fowler, Lonnie | Watkins, Caroline Mackinlay",101942,"Feb 16, 2021"
250,IF I WAS A COWBOY,WW 015363930 00,,"Fowler, Lonnie | Dyer, Zachary | Turnbull, Dave",101942,"Jan 21, 2020"
251,BACK HOME BACK,WW 015500437 00,,"Haury, Styles Nathan | FRASIER, DAVID | Miller, Lance | Fowler, Lonnie",101942,"Feb 17, 2021"
252,GET TO GETTING OVER YOU,WW 015145001 00,,"FRASIER, DAVID | Helms, Josh | Fowler, Lonnie",101942,"Nov 01, 2016"
253,VINTAGE,WW 015500495 00,,"Frasier, David R. | Haury, Styles Nathan | Miller, Lance | Fowler, Lonnie",101942,"Feb 17, 2021"
254,ONE MORE LIE,WW 015146156 00,,"Fowler, Lonnie | Williams, JP",101942,"Nov 01, 2016"
255,CROSS MY HEART,WW 015363931 00,,"Ray, Brandon | Fowler, Lonnie | Dyer, Zachary",101942,"Jan 21, 2020"
256,'TIL THE FIRE GETS RIGHT,WW 015123092 00,,"Bogard, Steve | Fowler, Lonnie | Anderson, Carlton Everett",101942,"Mar 13, 2018"
257,GOD MADE BEAUTIFUL,WW 015145010 00,,"Fowler, Lonnie | Dorff, Andrew | Davis, Jordan",101942,"Nov 01, 2016"
258,ROAD I DIDN'T TAKE,WW 015146162 00,,"Fowler, Lonnie | Mize, Logan Eric",101942,"Nov 01, 2016"
259,HEAVEN'S GOT SOME DIRT ROADS,WW 015145015 00,,"Mize, Logan Eric | Fowler, Lonnie",101942,"Nov 01, 2016"
260,WRONG ROADS,WW 015519700 00,,"Dyer, Zachary | Turnbull, Dave | Fowler, Lonnie",101942,"Mar 30, 2021"
261,HUMAN,WW 015145021 00,,"Williams, JP | Fowler, Lonnie",101942,"Nov 01, 2016"
262,ADIOS,WW 015144962 00,,"Tullier, Tori | Fowler, Lonnie | Williams, JP",101942,"Nov 01, 2016"
263,SLOW DANCE IN A PARKING LOT,WW 015065475 00,,"Fowler, Lonnie | DAVIS, JORDAN",101942,"Nov 01, 2016"
264,SINGLE DROP OF RAIN,WW 015146168 00,,"Fowler, Lonnie | Williams, JP",101942,"Nov 01, 2016"
265,MONEY,WW 015097322 00,,"Fowler, Lonnie | Powell, Jacob",101942,"Sep 20, 2017"
266,WILD CARD,WW 015074683 00,,"Landis, Emily | Jeanne, Livy | Fowler, Lonnie",101942,"Jul 14, 2017"
267,I COULD USE A BEER,WW 015145022 00,,"Davis, Jordan | Timmons, Andrew | Fowler, Lonnie",101942,"Nov 01, 2016"
268,FLYING SOLO,WW 015097317 00,,"Fowler, Lonnie | MIZELLE, JASON",101942,"Nov 01, 2016"
269,THAT'S LIFE,WW 015146188 00,,"Mize, Logan Eric | Fowler, Lonnie",101942,"Nov 01, 2016"
270,EMPTY CHAIR,WW 015159263 00,THE EMPTY CHAIR,"Fowler, Lonnie | Miller, Lance | FRASIER, DAVID",101942,"Jun 26, 2018"
271,ALL THAT BEAUTIFUL,WW 015121995 00,,"Fowler, Lonnie | Willis, Matt",101942,"Aug 09, 2017"
272,IT WAS ALWAYS YOU,WW 015254479 00,,"Nolan, Katherine | Fowler, Lonnie | Mizelle, Jason",101942,"Apr 02, 2019"
273,THE WRONG GIRL,WW 015226498 00,,"Fowler, Lonnie | Landis, Ryan",101942,"Jan 23, 2019"
274,PICK UP A GIRL,WW 015383360 00,,"Dyer, Zachary | Fowler, Lonnie | Ball, Rian",101942,"Apr 23, 2020"
275,NEON TANLINE,WW 015500525 00,,"Miller, Lance | Fowler, Lonnie | Frasier, David R. | Haury, Styles Nathan",101942,"Feb 17, 2021"
276,DIVE BAR,WW 015445028 00,IF THIS WORLD WAS A DIVE BAR,"Fowler, Lonnie | Morgan, Justin | Dumas, Simon",101942,"Sep 17, 2020"
277,TURNIP THE BEAT,WW 015146269 00,,"Helms, Josh | STEWART, PETE | Fowler, Lonnie",101942,"Nov 01, 2016"
278,DON'T WANNA MISS YOU,WW 015122571 00,,"Fowler, Lonnie | Smith, Payton | Cannon-Goodman, Marla",101942,"Feb 03, 2017"
279,FOOL ENOUGH TO SAVE ME,WW 015144998 00,,"Fowler, Lonnie | Chaffin, Blake | Mize, Logan Eric",101942,"Nov 01, 2016"
280,SUMMER FOR SALE,WW 015322269 00,,"Fowler, Lonnie | Mizelle, Jason | Helms, Josh",101942,"Sep 03, 2019"
281,LIKE YOU STOLE IT,WW 015122564 00,,"Fowler, Lonnie | Vaughn, Haeley | Olivarez, Vanessa",101942,"Oct 01, 2017"
282,GETTIN' BY,WW 015322260 00,,"Wetherell, Cassidy | Olivarez, Vanessa | Fowler, Lonnie",101942,"Sep 03, 2019"
283,PRETTY DON'T KNOW,WW 015354844 00,,"Wetherell, Cassidy | Fowler, Lonnie | Middleton, Jeff",101942,"Nov 20, 2019"
284,SOMEWHERE BEAUTIFUL,WW 015457626 00,,"Scharff, Jared | Fowler, Lonnie | Chapman, Nathan Paul | Thomas, Jesse B.",101942,"Oct 21, 2020"
285,DOG YEARS,WW 015528373 00,,"Fowler, Lonnie | Willis, Matt | Reeves, Danelle Leverett",101942,"Apr 19, 2021"
286,THEN SOME,WW 015533138 00,,"Dyer, Zachary | Willis, Matt | Fowler, Lonnie",101942,"May 06, 2021"
287,LAST PICTURE WITH YOU,WW 015492478 00,,"Fowler, Lonnie | Ball, Rian | Burke, Austin Patrick",101942,"Sep 08, 2020"
288,PICTURE,WW 015460301 00,,"Fowler, Lonnie | Ball, Rian | Burke, Austin Patrick",101942,"Nov 02, 2020"
289,STRANGERS IN A ROOM,WW 015544733 00,,"O'Donnell, Philip Eugene | Fowler, Lonnie",101942,"May 27, 2021"
290,SEE YOU AGAIN,WW 015502302 00,NEVER SEE YOU AGAIN,"O'Donnell, Philip Eugene | Fowler, Lonnie",101942,"Feb 20, 2021"
291,HAPPY GO COUNTRY,WW 015254396 00,,"Fowler, Lonnie | Burgett, Eric | Collins, Robyn Blaikie",101942,"Apr 01, 2019"
292,SHE'LL NEVER LAND,WW 015322268 00,,"Arjes, Eric Christian | Collins, Robyn Blaikie | Fowler, Lonnie",101942,"Sep 03, 2019"
293,NEVER FELL IN LOVE,WW 015492474 00,,"Fowler, Lonnie | Ball, Rian | Butts, Audra Mae",101942,"Sep 08, 2020"
294,TOURIST IN MY OWN HOMETOWN,WW 015502954 00,,"Ball, Rian | Fowler, Lonnie | Hayes, Walker",101942,"Feb 23, 2021"
295,MEMORIES ON A MEMOREX,WW 015847982 00,,"Boyd, Nick | Fowler, Lonnie | Ball, Rian",101942,"May 09, 2023"
296,BAR BACK,WW 015530514 00,,"Gabbard, Josh | Fowler, Lonnie | Venier, Gina",101942,"Apr 27, 2021"
297,BAD INFLUENCER,WW 015492476 00,,"Fowler, Lonnie | Garrett, Ryan | Green, Joseph Earl",101942,"Sep 08, 2020"
298,STRANGER,WW 015455758 00,,"Fertig, Nathan Levi | Jones, Willie Lee | Fowler, Lonnie | Thomas, Jesse B.",101942,"Oct 13, 2020"
299,BEER IS COOLER,WW 015084660 00,,"White, Corey Kent | Fowler, Lonnie | Parker, Drew",101942,"Aug 29, 2017"
